Name,No Schedule,HW Schedule,Pre-Trained CM,Auto-Tuned
conv3x3, 0.000340806,0.000318942,0.000152722,0.162435
dilate3x3, 0.000307548,0.000310291,0.00166304,0.145431
gaussian5x5, 0.000819031,0.000832047,0.000407873,0.144163
median3x3, 0.00640655,0.000325465,0.000867964,0.140761
sobel, 0.000514199,0.000517252,0.000431391,0.162594
